world_index,id_fixation,x,y,zoom,etape,id
1713,312,257815.15434070217,6251831.612726739,15.0,1,2
1714,312,257828.2549875391,6251810.864899022,15.0,1,2
