world_index,id_fixation,x,y,zoom,etape,id
449,127,262515.4200535737,6249932.936446288,13.0,2,2
450,127,262493.65840152936,6249943.5966706965,13.0,2,2
