id_pan,pourcentage,nbr_point_t
0,0.02127659574468085,47
1,1.0,24
2,0.7,20
3,0.12359550561797752,89
4,0.47058823529411764,17
5,0.09090909090909091,33
6,0.1111111111111111,45
7,0.10526315789473684,19
8,0.3333333333333333,12
10,0.14285714285714285,28
13,0.14285714285714285,28
14,0.2631578947368421,19
15,0.05319148936170213,94
16,0.11764705882352941,51
17,0.4444444444444444,18
18,0.43478260869565216,23
20,1.0,16
21,0.42857142857142855,14
22,0.15789473684210525,19
23,0.08,50
25,0.6153846153846154,13
26,0.36363636363636365,11
27,0.2413793103448276,29
28,0.2028985507246377,69
29,0.18181818181818182,11
30,0.1282051282051282,39
31,0.5,14
32,0.03571428571428571,56
35,0.6842105263157895,19
36,0.09090909090909091,33
37,0.26666666666666666,15
38,0.35714285714285715,14
39,0.11428571428571428,35
40,0.3181818181818182,22
41,0.5,14
42,0.1282051282051282,39
43,0.0967741935483871,31
44,0.025,40
45,0.1,20
46,0.05714285714285714,35
47,0.16666666666666666,18
50,0.2631578947368421,38
51,0.1016949152542373,59
52,0.08196721311475409,61
53,0.052083333333333336,96
54,0.03333333333333333,30
55,0.5263157894736842,19
56,0.11764705882352941,17
57,0.6153846153846154,13
58,0.1,20
59,0.21875,32
60,0.06666666666666667,105
61,0.08888888888888889,90
